NOMBRE DE ENTIDAD,Comunidad
PUEBLA,ACAJETE
PUEBLA,ACATENO
PUEBLA,ACATLÁN
PUEBLA,ACATZINGO
PUEBLA,ACTEOPAN
PUEBLA,AHUACATLÁN
PUEBLA,AHUATLÁN
PUEBLA,AHUAZOTEPEC
PUEBLA,AHUEHUETITIA
PUEBLA,AJALPAN
PUEBLA,ALBINO ZERTUCHE
PUEBLA,ALJOJUCA
PUEBLA,ALTEPEXI
PUEBLA,AMIXTLÁN
PUEBLA,AMOZOC
PUEBLA,AQUIXTLA
PUEBLA,ATEMPAN
PUEBLA,ATEXCAL
PUEBLA,ATLIXCO
PUEBLA,ATOYATEMPAN
PUEBLA,ATZALA
PUEBLA,ATZITZIHÚACAN
PUEBLA,ATZITZINTLA
PUEBLA,AXUTLA
PUEBLA,AYOTOXCO DE GUERRERO
PUEBLA,CALPAN
PUEBLA,CALTEPEC
PUEBLA,CAMOCUAUTLA
PUEBLA,CAXHUACAN
PUEBLA,COATEPEC
PUEBLA,COATZINGO
PUEBLA,COHETZALA
PUEBLA,COHUECAN
PUEBLA,CORONANGO
PUEBLA,COXCATLÁN
PUEBLA,COYOMEAPAN
PUEBLA,COYOTEPEC
PUEBLA,CUAPIAXTLA DE MADERO
PUEBLA,CUAUTEMPAN
PUEBLA,CUAUTINCHÁN
PUEBLA,CUAUTLANCINGO
PUEBLA,CUAYUCA DE ANDRADE
PUEBLA,CUETZALAN DEL PROGRESO
PUEBLA,CUYACO
PUEBLA,CHALCHICOMULA DE SESMA
PUEBLA,CHAPULCO
PUEBLA,CHIAUTLA
PUEBLA,CHIAUTZINGO
PUEBLA,CHICONCUAUTLA
PUEBLA,CHICHIQUILA
PUEBLA,CHIETLA
PUEBLA,CHIGMECATITLÁN
PUEBLA,CHIGNAHUAPAN
PUEBLA,CHIGNAUTLA
PUEBLA,CHILA
PUEBLA,CHILA DE LA SAL
PUEBLA,HONEY
PUEBLA,CHILCHOTLA
PUEBLA,CHINANTLA
PUEBLA,DOMINGO ARENAS
PUEBLA,ELOXOCHITLÁN
PUEBLA,EPATLÁN
PUEBLA,ESPERANZA
PUEBLA,FRANCISCO Z. MENA
PUEBLA,GENERAL FELIPE ANGELES
PUEBLA,GUADALUPE
PUEBLA,GUADALUPE VICTORIA
PUEBLA,HERMENEGILDO GALEANA
PUEBLA,HUAQUECHULA
PUEBLA,HUATLATLAUCA
PUEBLA,HUAUCHINANGO
PUEBLA,HUEHUETLA
PUEBLA,HUEHUETLÁN EL CHICO
PUEBLA,HUEJOTZINGO
PUEBLA,HUEYAPAN
PUEBLA,HUEYTAMALCO
PUEBLA,HUEYTLALPAN
PUEBLA,HUITZILAN DE SERDÁN
PUEBLA,HUITZILTEPEC
PUEBLA,ATLEQUIZAYAN
PUEBLA,IXCAMILPA DE GUERRERO
PUEBLA,IXCAQUIXTLA
PUEBLA,IXTACAMAXTITLÁN
PUEBLA,IXTEPEC
PUEBLA,IZÚCAR DE MATAMOROS
PUEBLA,JALPAN
PUEBLA,JOLALPAN
PUEBLA,JONOTLA
PUEBLA,JOPALA
PUEBLA,JUAN C. BONILLA
PUEBLA,JUAN GALINDO
PUEBLA,JUAN N. MÉNDEZ
PUEBLA,LAFRAGUA
PUEBLA,LIBRES
PUEBLA,LA MAGDALENA TLATLAUQUITEPEC
PUEBLA,MAZAPILTEPEC DE JUÁREZ
PUEBLA,MIXTLÁ
PUEBLA,MOLCAXAC
PUEBLA,CAÑADA MORELOS
PUEBLA,NAUPAN
PUEBLA,NAUZONTLA
PUEBLA,NEALTICAN
PUEBLA,NICOLÁS BRAVO
PUEBLA,NOPALUCAN
PUEBLA,OCOTEPEC
PUEBLA,OCOYUCAN
PUEBLA,OLINTLA
PUEBLA,ORIENTAL
PUEBLA,PAHUATLÁN
PUEBLA,PALMAR DE BRAVO
PUEBLA,PANTEPEC
PUEBLA,PETLALCINGO
PUEBLA,PIAXTLA
PUEBLA,PUEBLA
PUEBLA,QUECHOLAC
PUEBLA,QUIMIXTLÁN
PUEBLA,RAFAEL LARA GRAJALES
PUEBLA,LOS REYES DE JUÁREZ
PUEBLA,SAN ANDRÉS CHOLULA
PUEBLA,SAN ANTONIO CAÑADA
PUEBLA,SAN DIEGO LA MESA TOCHIMILTZINGO
PUEBLA,SAN FELIPE TEOTLALCINGO
PUEBLA,SAN FELIPE TEPATLÁN
PUEBLA,SAN GABRIEL CHILAC
PUEBLA,SAN GREGORIO ATZOMPA
PUEBLA,SAN JERÓNIMO TECUANIPAN
PUEBLA,SAN JERÓNIMO XAYACATLÁN
PUEBLA,SAN JOSÉ CHIAPA
PUEBLA,SAN JOSÉ MIAHUATLÁN
PUEBLA,SAN JUAN ATENCO
PUEBLA,SAN JUAN ATZOMPA
PUEBLA,SAN MARTIN TEXMELUCAN
PUEBLA,SAN MARTIN TOTOLTEPEC
PUEBLA,SAN MATÍAS TLALANCALECA
PUEBLA,SAN MIGUEL IXITLÁN
PUEBLA,SAN MIGUEL XOXTLÁ
PUEBLA,SAN NICOLÁS BUENOS AIRES
PUEBLA,SAN NICOLÁS DE LOS RANCHOS
PUEBLA,SAN PABLO ANICANO
PUEBLA,SAN PEDRO CHOLULA
PUEBLA,SAN PEDRO YELOIACATEPEC
PUEBLA,SAN SALVADOR EL SECO
PUEBLA,SAN SALVADOR EL VERDE
PUEBLA,SAN SALVADOR HUIXCOLOTLA
PUEBLA,SAN SEBASTIÁN TLACOTEPEC
PUEBLA,SANTA CATARINA TLALTEMPAN
PUEBLA,SANTA INÉS AHUATEMPAN
PUEBLA,SANTA ISABEL CHOLULA
PUEBLA,SANTIAGO MIAHUATLÁN
PUEBLA,HUEHUETLÁN EL GRANDE
PUEBLA,SANTO TOMÁS HUEYOTLIPAN
PUEBLA,SOLTEPEC
PUEBLA,TECALI DE HERRERA
PUEBLA,TECAMACHALCO
PUEBLA,TECOMATLÁN
PUEBLA,TEHUACÁN
PUEBLA,TEHUITZINGO
PUEBLA,TENAMPULCO
PUEBLA,TEOPANTLÁN
PUEBLA,TEOTLALCO
PUEBLA,TEPANCO DE LÓPEZ
PUEBLA,TEPANGO DE RODRÍGUEZ
PUEBLA,TEPATLAXCO DE HIDALGO
PUEBLA,TEPEACA
PUEBLA,TEPEMAXALCO
PUEBLA,TEPEOJUMA
PUEBLA,TEPETZINTLA
PUEBLA,TEPEXCO
PUEBLA,TEPEXI DE RODRÍGUEZ
PUEBLA,TEPEYAHUALCO
PUEBLA,TEPEYAHUALCO DE CUAUHTÉMOC
PUEBLA,TETELA DE OCAMPO
PUEBLA,TETELES DE ÁVILA CASTILLO
PUEBLA,TEZIUTLÁN
PUEBLA,TIANGUISMANALCO
PUEBLA,TILAPA
PUEBLA,TLACOTEPEC DE BENITO JUÁREZ
PUEBLA,TLACUILOTEPEC
PUEBLA,TLACHICHUCA
PUEBLA,TLAHUAPAN
PUEBLA,TLALTENANGO
PUEBLA,TLANEPANTLA
PUEBLA,TLAOLA
PUEBLA,TLAPACOYA
PUEBLA,TLAPANALÁ
PUEBLA,TLATLAUQUITEPEC
PUEBLA,TLAXCO
PUEBLA,TOCHIMILCO
PUEBLA,TOCHTEPEC
PUEBLA,TOTOLTEPEC DE GUERRERO
PUEBLA,TULCINGO
PUEBLA,TUZAMAPAN DE GALEANA
PUEBLA,TZICATLACOYAN
PUEBLA,VENUSTIANO CARRANZA
PUEBLA,VICENTE GUERRERO
PUEBLA,XAYACATLÁN DE BRAVO
PUEBLA,XICOTEPEC
PUEBLA,XICOTLÁN
PUEBLA,XIUTETELCO
PUEBLA,XOCHIAPULCO
PUEBLA,XOCHILTEPEC
PUEBLA,XOCHITLÁN DE VICENTE SUÁREZ
PUEBLA,XOCHITLÁN TODOS SANTOS
PUEBLA,YAONÁHUAC
PUEBLA,YEHUALTEPEC
PUEBLA,ZACAPALA
PUEBLA,ZACAPOAXTLA
PUEBLA,ZACATLÁN
PUEBLA,ZAPOTITLÁN
PUEBLA,ZAPOTITLÁN DE MÉNDEZ
PUEBLA,ZARAGOZA
PUEBLA,ZAUTLA
PUEBLA,ZIHUATEUTLA
PUEBLA,ZINACATEPEC
PUEBLA,ZONGOZOTLA
PUEBLA,ZOQUIAPAN
PUEBLA,ZOQUITLÁN
